<?xml version="1.0"?>
<Locations >
  <Project >
    <file_marker column=" 1" line=" 1" >
      <vfs_file>/home/carlos/Escritorio/robotenko/robot_monitor.adb</vfs_file>
    </file_marker>
    <file_marker column=" 1" line=" 1" >
      <vfs_file>/home/carlos/Escritorio/robotenko/robot_monitor.ads</vfs_file>
    </file_marker>
    <file_marker column=" 1" line=" 1" >
      <vfs_file>/home/carlos/Escritorio/robotenko/test_robot_monitor.adb</vfs_file>
    </file_marker>
    <file_marker current="true" column=" 1" line=" 1" >
      <vfs_file>/home/carlos/Escritorio/robotenko/digital_io_sim.adb</vfs_file>
    </file_marker>
  </Project>
</Locations>
